customer_id,name,email,city,signup_date
1,Daniel Smith,audrey45@yahoo.com,East Thomasside,2023-05-11
2,Vicki Barker,patrickcraig@harris-taylor.info,Littleside,2023-11-11
3,David Shields,jeffreyheath@yahoo.com,Royfurt,2021-05-02
4,William Gregory,orodriguez@gmail.com,Crystalside,2022-04-12
5,Veronica Stanton,hugheskarla@silva.com,New John,2021-11-27
6,Tanya Long,vanessa33@wolf.com,Lake Kaitlynshire,2021-03-29
7,Gary Dixon,romeromichael@hotmail.com,Spenceshire,2023-05-22
8,Raymond Hawkins,ramoselizabeth@guzman.com,East Raymondshire,2021-05-11
9,Mrs. Donna Little MD,jenkinsjohnny@hotmail.com,Johnsonchester,2023-02-09
10,Maria Gross,marshallrachel@daniels-neal.biz,Johnsonchester,2021-12-10
11,Douglas Meza,jacqueline52@hotmail.com,Miaside,2023-03-17
12,Vanessa Mendoza,santanalance@butler.com,Jamesberg,2022-01-21
13,Douglas Porter,bartonlawrence@dalton.net,Kimberlyfurt,2023-08-14
14,Jeremiah Pena,brittany76@yahoo.com,Lake Sarahhaven,2021-10-04
15,Louis Johnson,kimjackson@liu.com,Terryside,2022-04-05
16,Julie Castillo,erincarpenter@barajas.info,West Jeffreyport,2021-01-22
17,Margaret Harvey,austintorres@brewer-copeland.com,Burkeville,2021-09-10
18,Rachel Davis,nicole49@kim.biz,Alexisbury,2023-01-18
19,Laurie Rodriguez,ujones@stone.com,Lewisview,2023-05-07
20,Dominique George,hhernandez@johnson.org,Gregmouth,2022-04-20
21,Michael Dennis,andrearamirez@gmail.com,New David,2023-12-19
22,Amanda Perry,charlesholly@williams.com,North Tanya,2022-05-26
23,Robert Wilson,karencarter@reynolds.info,Sancheztown,2022-12-01
24,Jeremiah Dunn,fisherkatherine@hotmail.com,Mosleyberg,2023-09-03
25,Ann Barnes,herrerazachary@thomas-phillips.biz,New Sandra,2021-07-09
26,Vanessa Rose,davistommy@rivera.org,West Stephanie,2023-08-16
27,Larry King,heatherhall@kennedy.com,New Kristinashire,2022-11-18
28,Amanda Sanford,mary94@hotmail.com,North James,2023-08-16
29,David Williamson,nicholas18@gmail.com,South Morgan,2022-07-17
30,Jasmine Martin,adam68@wilson-howell.net,Vaughnton,2023-04-12
31,Mrs. Amanda Webb PhD,douglaswilliam@kelley.net,Christineville,2022-10-09
32,Rebecca Johnson,fordruben@gmail.com,Katherinehaven,2021-01-21
33,Amy Wright,tracy27@brown.org,North Kenneth,2023-04-21
34,Eric Young,ashley58@yahoo.com,West Michael,2021-06-16
35,Elizabeth Valdez,clarkjoel@williams.com,New Lawrence,2022-01-23
36,Joseph Schneider,xdavis@reilly.org,North Thomasville,2022-08-24
37,Michael Smith,jefferywhite@hotmail.com,New Sergiohaven,2021-11-12
38,Joanne Perez,garrett47@munoz.com,Lake Craig,2021-01-14
39,Richard Williams,benjaminphillips@pacheco-watts.com,South Aliciamouth,2021-08-30
40,Brian Wood,nancylewis@gmail.com,Lake Robert,2023-02-16
41,Beverly Guzman,erinbaker@fowler.org,Caitlinside,2022-07-19
42,Melissa Wilson,wallaceelizabeth@yahoo.com,Marymouth,2023-06-17
43,Wayne Adams,cfreeman@yahoo.com,East Johnnyfurt,2021-04-02
44,James Snyder,uwhite@gmail.com,West Mark,2023-08-14
45,James Wolf,ramirezshannon@brooks-ortiz.org,South Alexander,2022-05-24
46,Desiree Kirk,erica28@hotmail.com,Davidland,2023-02-15
47,Shawn Torres,andrea27@aguirre-jackson.com,South Thomastown,2021-02-04
48,David Brown,wrightrobert@yahoo.com,Port Fred,2021-07-25
49,Kari Duarte,fstanton@gmail.com,South Kathleenview,2023-10-23
50,Vickie Mccann,carolinesimmons@munoz.com,Brooksmouth,2023-10-19
51,Shelly Gill,vgiles@hotmail.com,Aaronberg,2022-07-20
52,Joseph Leonard,jessica61@cardenas.com,Christinafurt,2022-12-04
53,Carolyn Aguirre,alex73@gmail.com,Perryberg,2022-02-06
54,Thomas Robertson,lisablack@gmail.com,Danielshire,2022-12-31
55,Tyler Snyder,christianandrews@obrien-gibson.com,Charlesland,2021-06-11
56,Holly Flores,phillipsmichael@oneal.biz,West Thomasport,2021-07-21
57,Erika Jones,cescobar@reeves.com,Ashleystad,2023-09-23
58,Dakota Joseph,cgray@yahoo.com,East Pamela,2021-09-27
59,Steven Howell,gmcclain@yahoo.com,Port Emilyville,2023-03-27
60,Nicole Wilson,ericacastillo@smith-miles.com,South Pamelamouth,2022-04-01
61,Joseph Ferguson,deborahwatts@johnson.org,West Jasonhaven,2023-10-14
62,Daryl Frazier,johngregory@hotmail.com,Mitchellburgh,2021-10-23
63,Jason Lopez,molson@lewis-smith.biz,Courtneytown,2022-12-21
64,Kent Scott,jessehaley@wallace.com,South Kylie,2021-12-04
65,April Morales,williamsshane@anderson-blackburn.com,West Jesusville,2023-05-29
66,Sergio Olson,steven67@yahoo.com,Kimberlyville,2023-12-13
67,Connie Cole,lindamccormick@vargas.biz,Jonesborough,2023-03-03
68,John Miranda,cjohnson@montes.com,New Ronaldville,2021-08-05
69,Philip Clark,edwardskathleen@stewart.com,Lutzborough,2023-02-03
70,Matthew Alvarez,sarah30@davis-navarro.com,Kathyside,2021-07-07
71,Trevor Stanton,moranalisha@valenzuela.net,Stevensonhaven,2022-01-15
72,Pamela Arias,matthew22@harris.info,South Jerrychester,2022-05-08
73,Zachary Anthony,reyesmichael@bryan-sanchez.com,Valentinechester,2023-12-01
74,Anthony Baird,chancock@donovan.biz,Fraziermouth,2021-01-15
75,James Hunt,rileydanny@barnett-gamble.com,Hamiltonberg,2021-03-06
76,Martin Stevens,yvega@gmail.com,Lake Brianshire,2022-06-05
77,Adam Miller,tammyjohnson@pena.com,Geraldchester,2022-10-10
78,Christine Cobb,benjaminjeffery@yahoo.com,South Rebecca,2023-12-23
79,Robert Michael,danielsjohnny@hotmail.com,Jamesfurt,2022-08-16
80,Phillip Miller,floreskevin@gregory.biz,Garciafort,2022-01-27
81,Edward Olsen,pwade@stone-walters.net,New Jessicaberg,2022-02-23
82,Crystal Fitzgerald,casey29@diaz-mcclure.org,New Claireland,2021-10-16
83,Lisa Vargas,janet81@walker-guerrero.com,Michaelport,2022-01-14
84,David Nelson,oadams@sweeney.com,South Kathleenfort,2021-08-19
85,Rose Hoffman,sanchezalan@martinez-thornton.biz,Lake Ashley,2023-10-15
86,Alicia Gonzalez,amberthompson@gmail.com,Martinmouth,2021-02-10
87,Linda Ibarra,brianfleming@yahoo.com,Jessicamouth,2023-11-18
88,Angela Jones,mollywood@holmes.com,Jamesburgh,2021-05-15
89,Francisco Green,lbyrd@gonzalez.com,Port Richard,2021-07-20
90,Daniel Davis,farmeralexandra@yahoo.com,Stephanieport,2023-02-19
91,Lynn Morales,kingram@ramirez.info,Prattshire,2023-07-19
92,Michael King,justin63@yahoo.com,Port Erik,2023-11-23
93,Jessica Garrett,wanda92@yahoo.com,East Bryanshire,2023-12-08
94,Tracey Solis,billy10@williams.com,Hendersonland,2022-05-18
95,Brian Wolfe,christina59@yahoo.com,Tristanport,2022-02-11
96,Nicholas Turner,nrodriguez@gmail.com,Tarahaven,2023-03-16
97,Karen Brock DDS,mcfarlandsandra@gmail.com,Calebland,2021-04-09
98,Derek Watts,mclaughlinpenny@hotmail.com,South Jenniferstad,2022-11-15
99,Benjamin Parks,david35@yahoo.com,South Darren,2022-12-27
100,Rachel Reyes,katherine03@hotmail.com,West Vickiestad,2023-08-19
101,Christopher Alexander,aaron33@yahoo.com,West Angelaburgh,2022-09-05
102,Barbara Bell,bryanpatrick@gmail.com,North Brenda,2022-10-05
103,Heidi White PhD,gbranch@riley.net,New Krystalville,2023-10-26
104,Larry Ramirez,carol86@lopez.com,Lake Davidshire,2022-05-18
105,Patrick Smith,garrett37@yahoo.com,Tiffanyport,2023-02-06
106,Victoria Robinson,melissavincent@hotmail.com,Anthonyside,2022-02-02
107,Terry Hudson,williamsashley@yahoo.com,Salazarshire,2023-05-21
108,Christina Mcknight,elijahburnett@gmail.com,North Matthew,2023-03-06
109,Mr. George Anderson,michael48@montgomery.com,South Rebecca,2022-01-28
110,Kristy Ramos PhD,eric31@brown-sanchez.org,Morganshire,2021-07-26
111,Paul Villanueva,slong@becker-sanchez.net,West Derek,2023-11-05
112,Susan Vega,timothy37@hotmail.com,East Drew,2023-06-11
113,Elizabeth Mcdaniel,amandasmith@gmail.com,Jennifermouth,2023-05-14
114,Angela Jenkins,claudia13@yahoo.com,Hartchester,2023-01-13
115,George Blake,stonejulie@campbell-carter.biz,Hernandezberg,2022-07-18
116,Stacy Torres,smithjennifer@ward-smith.org,Phillipport,2023-10-18
117,Judith Jones,matthew66@rodriguez-glass.org,Wyattstad,2021-04-06
118,Carrie Schwartz,petersonarthur@carlson.net,Morganmouth,2022-04-30
119,Lisa Pittman,brian27@kennedy.biz,West Kerri,2021-08-19
120,Miguel Williams,fclark@yahoo.com,Miguelborough,2023-01-19
121,Eugene Hunter,wilsonvictoria@yahoo.com,North Tiffany,2022-06-25
122,Jacob Roberts,warrendiaz@gmail.com,South Christopher,2023-11-26
123,Jamie Hill,briancox@yahoo.com,Greenfurt,2022-06-09
124,Whitney Salazar,avilajohn@owens.com,West Julie,2022-08-01
125,Mr. Keith Powers,ysandoval@torres.com,Lake Edwin,2022-11-13
126,Yesenia Thompson,jenniferwang@hotmail.com,Hallport,2022-07-11
127,Connie Gonzalez,sheri00@roberts-reyes.info,Welchchester,2023-10-10
128,Jose Stewart,msanchez@yahoo.com,Jenkinschester,2022-10-08
129,Jill Smith,joseph80@lane.com,South Anthonyview,2023-03-07
130,Ashley Lee,harmonmichele@yahoo.com,Josephport,2023-11-18
131,Kayla Browning,vhall@harris-harmon.com,Leemouth,2021-07-09
132,Deborah Fuller,nharris@shaw.com,Port Emilymouth,2022-09-25
133,Devin Downs,james11@yahoo.com,New Eduardostad,2022-09-20
134,Danielle Smith,tkeller@hotmail.com,North Brandiburgh,2023-08-31
135,Daniel Farrell,georgemichael@hayden.net,East Michaelport,2022-12-11
136,Nancy Curtis,hsanders@mills.org,Lake Meganmouth,2022-10-11
137,Wendy Rivas,christophersawyer@brown.biz,New Barbara,2021-11-14
138,Amanda Brown,ujoseph@yahoo.com,South Tracymouth,2022-11-15
139,Latoya Myers,davidarnold@hotmail.com,Dawnview,2022-10-26
140,Mark Colon,aaron12@browning.biz,Youngton,2022-03-18
141,Meghan Moreno,debbiegross@yahoo.com,Derrickhaven,2022-07-18
142,Jeffrey Mack,meganarmstrong@ramsey.com,North Jacquelinefurt,2023-08-10
143,Michael Rivera,christopher65@johnson.com,Lake Gregory,2022-11-30
144,Eric Huffman,bobby44@hotmail.com,Jamesside,2021-04-23
145,Lori Lang,charlessmith@hotmail.com,North Michaelton,2021-01-02
146,James Mitchell,steven00@adams-garcia.org,East Jessechester,2022-10-04
147,Sarah Robertson,kirkjohn@gmail.com,Port Dennisbury,2021-08-08
148,Ashley Schmidt,pattersonnathan@yahoo.com,Taylorbury,2023-05-05
149,Tina Robles,katie41@gmail.com,New James,2022-01-20
150,Colton Gallagher,brittney31@hotmail.com,South Michaelview,2023-12-13
151,Deborah Whitaker,eric00@hotmail.com,East Billyland,2022-12-31
152,Dominique Ferrell,bfisher@watson.info,North Ryanville,2021-09-04
153,Brittany Luna,morganlarry@stevens-burns.com,Churchberg,2023-04-16
154,Elizabeth Williams,ruizalexis@gmail.com,Davidstad,2021-07-22
155,Jessica Lopez,rtorres@gmail.com,Samuelhaven,2021-05-03
156,Shannon Compton,hooverdouglas@krueger.info,Mcdonaldburgh,2022-02-05
157,Joe Murillo,kbrooks@green.com,Bryanshire,2023-02-06
158,Austin Bray,jgalloway@stewart.net,South Cynthialand,2021-10-21
159,James Nichols,mary07@cruz.com,New Saraburgh,2021-10-07
160,Amber Miller,agiles@hotmail.com,Tonifurt,2023-06-03
161,Paul Shaw,kurtgutierrez@johnson.com,North Alison,2021-07-17
162,Annette Bonilla,jenkinscody@yahoo.com,West Brianna,2023-09-09
163,Donald Powers,adunn@gmail.com,New Michelle,2023-01-22
164,Audrey Hamilton,reidpatricia@hotmail.com,East April,2021-05-24
165,Lisa Soto,qhardy@yahoo.com,Stevenmouth,2022-09-01
166,Anne Smith,kelly25@alvarado-macias.info,Thomasland,2021-07-06
167,Heather Lowe,adamriley@russo.com,Macdonaldstad,2022-04-09
168,Linda Owens,thomasholly@hotmail.com,Harrisonside,2022-10-22
169,Jon Ross,vross@gmail.com,Tanyaburgh,2023-02-03
170,James Johnson,chambersjessica@williams-herrera.net,Griffinville,2023-08-13
171,Jenna Kim,waltonjessica@weber-cook.biz,Andrewview,2022-02-07
172,Andrea Bishop,watersjeremy@gross.org,South Heather,2021-05-27
173,Danielle Valdez MD,tgraham@klein-smith.com,Hopkinsburgh,2023-05-14
174,Paul Sanchez,amandaballard@smith.org,Walkerhaven,2022-05-04
175,Benjamin Franco DDS,wendyriley@gmail.com,Nathanhaven,2023-07-18
176,Thomas Mahoney III,carolynreynolds@gmail.com,West Scottland,2022-07-05
177,Bruce Boyd,erandall@daniels.biz,Murphyland,2021-12-04
178,John Smith,bho@wells-schaefer.com,New Dennishaven,2023-05-22
179,Rachel Smith,xclark@yahoo.com,Barnesland,2022-10-03
180,Daniel King,steve67@dunn.net,New Amy,2022-04-18
181,Richard Turner,harrisrichard@gamble-oconnell.com,West Robertshire,2021-05-31
182,Henry Perry,spencerreed@estes-morse.org,Derekchester,2021-09-20
183,Elizabeth Olson,sthompson@smith.com,Glennborough,2021-05-24
184,Jacqueline Cole,njones@yahoo.com,North Jerrystad,2021-12-12
185,Kathleen Hays,richardyoung@brooks.net,Farmerberg,2022-09-16
186,Wayne Velez,dmendez@hotmail.com,Lake Charlesbury,2023-10-14
187,Brittany Mason,kellydavid@roman-ryan.com,East Michael,2023-05-31
188,Cory Coleman,crystal88@moore.info,Phelpstown,2021-01-02
189,Mark Terry,wardchad@mcdonald.org,East Mark,2023-06-16
190,Emily Yoder,tracyphillips@yahoo.com,Gallegosshire,2021-09-11
191,Steve Roberson Jr.,matthewwalker@turner.com,North Jennifer,2022-03-29
192,Brittany Bowers,robertvaughn@yahoo.com,Montgomerymouth,2023-11-27
193,Jordan Payne,kortega@yahoo.com,Hollandshire,2023-10-12
194,Adam Rowland,daniel35@blevins-davila.com,Christopherland,2021-01-09
195,Mrs. Stacey Benson,rileyscott@hernandez.com,Paulville,2023-03-27
196,Dennis Scott,medinajenna@frederick-duncan.biz,Villarrealview,2021-07-27
197,Jennifer Barnes,clarktanner@delgado.com,South Katherine,2022-02-08
198,Miss Cheyenne Jones,colelaurie@scott-lindsey.biz,West Brendachester,2021-06-01
199,Cassie Turner,martinezregina@rich.net,New Eric,2021-02-23
200,Jennifer Shaw,tony20@hernandez-diaz.com,Jacksonbury,2022-09-20
201,Sara Green,wendyevans@davis.com,West Kelseybury,2022-08-10
202,Joseph Kim,robertstewart@gmail.com,Changfort,2021-04-14
203,Barbara Kennedy,ramosmark@hotmail.com,Port Ashleyshire,2021-09-11
204,Michael Ferguson,johncampos@miller.com,Cliffordberg,2022-05-25
205,Thomas Harris,jonathanprice@yahoo.com,Riosfort,2021-04-09
206,Phillip Costa,lguzman@gmail.com,Rayburgh,2021-06-02
207,Ashlee Carter,timothyrodriguez@williams.com,North Andrewport,2023-07-03
208,Joshua Avery,atorres@yahoo.com,East Emilyland,2023-05-28
209,Jill Mueller,kellyjohnson@yahoo.com,Port Ryanborough,2021-12-04
210,Dustin Lee,lunderwood@smith.com,Angelamouth,2023-04-02
211,Andrea Rhodes,harveykaren@johnson-henson.com,Nicholasshire,2023-08-15
212,Jason Chen,tcoleman@yahoo.com,Lake Karen,2021-06-10
213,Justin Pearson,jamiereeves@yahoo.com,Seanmouth,2023-03-12
214,Thomas Levine,brianortiz@dunn.org,Port Shannon,2022-02-02
215,Mark Jackson,wmoody@branch.com,West Benjamin,2023-03-27
216,Jose Key,aluna@mahoney.com,Port Regina,2022-02-05
217,Tammy Mejia,villanuevajacob@herring.com,East Leahstad,2022-10-02
218,Robin Lee,vincentkimberly@gmail.com,Port Aaronstad,2023-11-23
219,Christian Gordon,hsandoval@snyder.info,East Jennifer,2022-11-19
220,Michael Moon,daltonmolly@yahoo.com,East Mark,2022-04-05
221,William Bates,victoriawalsh@yahoo.com,Port Josephmouth,2023-08-13
222,Matthew Wilkerson,kchan@rogers.net,South Yvettefort,2022-04-15
223,Darlene Williams,carlos04@gmail.com,Kevintown,2023-11-12
224,Bryan Morrison,harmonandrea@hotmail.com,North Ryan,2023-01-20
225,Elizabeth Henry,btate@clarke-woodard.com,South Patrickborough,2021-02-07
226,James Lin,jcollier@silva.net,South Keith,2021-08-18
227,Cynthia Adams,orichards@hicks.com,Diazchester,2022-07-17
228,Jesus Franklin,csullivan@hotmail.com,Sydneychester,2022-03-14
229,Mrs. Julie Duran DDS,trobinson@campbell.com,South David,2021-01-27
230,Brent Andrews,derrickclarke@gmail.com,Alexisville,2021-08-14
231,Martha Gordon,wli@harris.com,Matthewberg,2023-03-09
232,William Wyatt,johnstonsusan@peterson-lee.com,Hughesville,2021-10-11
233,Elizabeth Price,ybaker@gmail.com,Lake Pamelashire,2023-05-29
234,Amy Nicholson,andersontiffany@yahoo.com,East Mikestad,2023-08-18
235,Matthew Gallegos,patriciabecker@hotmail.com,Lake Amandahaven,2022-03-29
236,Nicholas Clark,torresdavid@gmail.com,Richton,2023-10-17
237,Thomas Lewis,jennifer97@hotmail.com,Port Heatherton,2023-03-27
238,Jonathan Martinez,zwarner@hicks.net,South Mark,2022-10-21
239,Stacy Mcdonald,cynthiayoung@gmail.com,South Edwin,2022-07-01
240,Kenneth Foster,hwashington@yahoo.com,East Amyberg,2023-12-09
241,Jillian King,parklaurie@anthony-evans.com,Port Virginiaport,2021-01-17
242,Joseph Long,mcarlson@yahoo.com,Port Edwardshire,2021-06-07
243,Steven Rodriguez,whiterachel@yahoo.com,Port Tinaburgh,2022-04-22
244,Jessica Wright,matthew64@long.com,West Royton,2023-12-06
245,Jeffrey Sanchez,williamfrazier@chan.com,Annberg,2022-06-02
246,Madison Butler,tanya98@yahoo.com,Coreyborough,2021-04-09
247,William Barnes,jholden@martinez.com,Maymouth,2023-11-27
248,Jennifer Ochoa,ypittman@gmail.com,New Michelleburgh,2021-10-07
249,Troy Robinson,hjackson@yahoo.com,Michaelview,2022-05-12
250,Mr. Jason Campbell PhD,mikearmstrong@gmail.com,Langborough,2021-10-29
251,Justin Grant,teresa83@deleon.com,East Peterchester,2021-06-30
252,Courtney Schultz,brooksjohn@durham-miller.org,Reynoldsport,2022-08-30
253,Mary Jackson,shawn00@thomas.com,Mathewland,2022-12-01
254,Stephen Clark,marshalljade@yahoo.com,Port Melissashire,2023-09-20
255,Alison Brown,jacobwoodard@graham-dudley.com,New Christinashire,2021-07-10
256,Madison Lewis,gregory32@hernandez.org,Grahamborough,2021-09-10
257,Kimberly Young,ycollins@gmail.com,Port Mark,2023-09-08
258,Tara Perkins,bstanley@robertson.com,West Christopher,2023-07-17
259,Kayla Cabrera,jonesbrittany@edwards-garcia.info,Reedland,2021-05-08
260,Andrea Meyer,laurencantu@gmail.com,East Amanda,2021-01-18
261,David Hernandez,garnerbrian@gmail.com,New Benjamin,2022-07-20
262,David Atkinson,amanda73@dominguez.com,Tammystad,2022-07-24
263,Mark Sanchez,philip64@yahoo.com,Blackwellview,2022-11-17
264,William Rose,vanessahernandez@yahoo.com,Lake Spencerburgh,2022-09-18
265,Ashley Bailey,angeladaniel@rodriguez.com,Millerchester,2023-05-04
266,Jacqueline Allen,jillianfitzgerald@chavez.com,North Gabriellefort,2023-08-20
267,Cynthia Welch,guerramichael@sanchez.biz,Troyhaven,2021-06-04
268,Jimmy Dougherty,lscott@gmail.com,Port Jason,2022-05-05
269,Anna Snyder,kjohnson@yahoo.com,Meghanberg,2023-02-24
270,Edwin White,pamelafuller@washington-reynolds.info,Chelseyport,2021-09-03
271,Jose Vargas,tinawilliams@stevenson.org,South Jonathanshire,2023-11-29
272,Brittany Brown,john56@williams.info,Rebeccatown,2023-01-29
273,Maria Rodriguez,amysweeney@alexander.com,Robinsonport,2022-06-22
274,Ryan Smith,sleon@bryant-george.biz,Port Jeremyshire,2023-07-10
275,Ashley Ball,james86@gmail.com,South Christophershire,2022-02-12
276,Debra Williams,michael61@gmail.com,Wilsonview,2022-06-09
277,Shawn Wood,kreid@hotmail.com,East Rachelborough,2023-04-08
278,Jonathan Cox,jonathangreen@hotmail.com,South Jonathanmouth,2023-06-22
279,Sarah Pena,tiffany89@horne-johnson.com,New Lisamouth,2021-02-05
280,Lauren Stewart,simpsonmichael@gmail.com,New Michelle,2022-11-16
281,Angela Poole,jordandale@hotmail.com,Jamesfurt,2021-01-20
282,Brent Mitchell,juan90@gmail.com,North Julia,2021-11-17
283,Donna Morrison,robinsonshannon@yahoo.com,East Elizabeth,2022-05-27
284,Heather Haney,anthonyfoley@yahoo.com,Markburgh,2022-02-04
285,Austin Johnson,uthomas@garcia.com,Valerieshire,2022-10-16
286,Jaime Meyers,carlosroberts@campbell.info,Port Carlos,2023-08-30
287,Jerome Thomas,rachelgomez@gmail.com,Juliechester,2022-04-16
288,Michelle Sherman,gramos@gmail.com,West Clairemouth,2023-04-14
289,Jeffrey Rosales,ystephens@gmail.com,South Gabriel,2022-12-28
290,Peter Sherman,nhopkins@yahoo.com,Jamesburgh,2023-05-04
291,Jeffery Turner,josephpark@yahoo.com,South Daniel,2021-02-20
292,Theresa Campbell MD,codyreed@davies.com,Mcmillanport,2022-07-29
293,Brian Nash,robertsonchristy@gmail.com,Marshallhaven,2021-05-30
294,Alan Palmer,zwright@hotmail.com,Gonzalesberg,2021-11-10
295,Michelle Wright,nenglish@yahoo.com,East Jamesland,2022-07-24
296,Jacob Tran,holly69@wilson.net,Turnerfurt,2021-11-01
297,Gregory Patel,sandra04@whitney.net,Lake Jamesburgh,2022-11-13
298,Patrick Clarke,robinsonjenny@gmail.com,New Frederick,2023-04-18
299,Edward Fernandez,lawrenceconrad@anderson.info,Mathisberg,2023-12-14
300,Andrea Smith,dcarr@hotmail.com,Parkhaven,2023-09-30
301,Debra Camacho,glencampbell@hotmail.com,East Jessicahaven,2022-03-20
302,Deanna Cain,kimberlymiller@webster.com,West Michelleville,2022-09-05
303,Brett Nguyen,bjones@lamb.org,Stacyshire,2023-09-20
304,Amy Torres,susan30@wright.com,Port Saratown,2021-09-21
305,Laura Kaiser,smithricky@yahoo.com,East Jesseview,2023-12-13
306,Scott Johnson,eric37@hansen.info,Brennantown,2023-10-01
307,Samuel Butler,ghutchinson@yahoo.com,West Stephaniemouth,2021-01-05
308,Timothy Johnson,wsheppard@gmail.com,Andreaburgh,2023-02-13
309,Edward Day,davidhowell@moss.info,South Jessicahaven,2023-05-27
310,Nicole Cox,bakermorgan@grant.com,South Adrian,2023-09-19
311,Edward Myers,cchung@yahoo.com,Kylemouth,2023-06-03
312,Matthew Sanchez,amyhoffman@ferguson.net,Marissastad,2021-02-16
313,Sharon Hudson,lopezdawn@davis.com,West Laura,2023-05-17
314,Jorge Roberts,edward80@kim.com,Kruegerville,2023-04-03
315,Brett Roberson,ldunn@velez-rose.com,Evelynchester,2023-07-25
316,Jennifer James,vfrancis@sawyer-rivera.com,Steeleview,2022-10-18
317,Charles Salazar,jamiescott@gmail.com,North Chase,2021-09-26
318,Richard Branch,barnettanthony@gmail.com,Heidifurt,2022-01-05
319,Victoria Peterson,alexandriameadows@walker.biz,Smithmouth,2022-09-28
320,Kenneth Meyers,michaelangela@hotmail.com,Websterton,2022-10-19
321,Peter Carson,pwilliams@hotmail.com,South Elizabethhaven,2021-04-30
322,Matthew Bass,patrick05@gmail.com,North Michele,2023-04-11
323,Lori Anderson,shanecharles@rasmussen.com,North Brian,2023-12-18
324,Edward Smith,kaitlynzavala@wright.org,Robertsonstad,2023-01-11
325,Ernest Bennett,brittany47@goodwin-levine.biz,New Carrie,2021-04-27
326,Destiny Cuevas,abigailjohnson@yahoo.com,Brianhaven,2023-03-02
327,Sarah Munoz,corylowery@yahoo.com,Port Nicoleland,2023-10-10
328,Madison Brown,andreajackson@washington-williams.org,Port Stephanie,2023-12-18
329,Martin Hall,nelsonchristina@bowman-payne.net,Hamiltonland,2022-09-26
330,Michael Cowan,joelgraham@murillo-wells.org,Wagnertown,2022-05-28
331,Michael Hampton,randyperry@walker-blackwell.biz,Robertberg,2023-03-13
332,Tyrone Young,leonard49@gmail.com,Port Brucemouth,2022-07-14
333,Bruce Jones,collin89@hotmail.com,Boydchester,2022-05-03
334,Ernest Fleming,peterkeller@hotmail.com,Lake Kathy,2023-06-16
335,Cynthia Henry,ashleybrittany@yahoo.com,North Jesseshire,2022-12-05
336,Sarah Jones,stephaniejohnson@yahoo.com,Carterton,2022-08-04
337,Justin Marshall,hwhitaker@blankenship.com,North Charles,2023-03-01
338,Kevin Wheeler,catherine66@gonzalez-jones.net,Port Debrahaven,2023-05-11
339,Michael Clark,sarah56@johnson-wells.com,South Jacobshire,2021-09-04
340,Angela Harris,kimberly68@gmail.com,North Andrewtown,2021-06-03
341,Dylan Rice,darroyo@gates-white.com,Jeremybury,2023-09-24
342,Carolyn Frey,jeremymassey@yahoo.com,Port Brianmouth,2022-11-28
343,Jacob Wright,victorhays@reynolds.com,Andreaborough,2023-12-29
344,Christine Newman,danielschwartz@trujillo.com,North Anthony,2023-12-07
345,Jessica Kerr,seanbridges@gmail.com,Williamstad,2023-10-06
346,Daniel Burnett,lauraberry@yahoo.com,Port Ryanfort,2021-04-04
347,Logan Sanchez,cynthiapennington@yahoo.com,Cynthiafurt,2023-08-16
348,Kevin Hughes,toneill@gmail.com,West David,2023-10-09
349,David Harrison,jcharles@gmail.com,Thompsonshire,2022-03-29
350,Edward Parsons,kimberly17@oconnell.com,Reidmouth,2023-07-01
351,Christopher Reed,edwardsmark@hotmail.com,Port Derrick,2021-08-06
352,Joseph Rodriguez,westamber@pearson.net,Lopezchester,2022-04-19
353,Curtis Perez,kylegriffith@yahoo.com,Howardtown,2022-03-08
354,Manuel Jensen,gkelly@yahoo.com,Reyestown,2021-12-07
355,Emma Adams MD,kirkcatherine@robinson-gallagher.com,Martinmouth,2022-07-05
356,Ms. Amy Gross,wernerelizabeth@hodge.com,North Dawnland,2021-12-23
357,Danielle Murphy,halehenry@cobb.com,Andersonville,2021-01-23
358,Mario Charles,marypena@smith.com,East Dianeville,2022-06-06
359,Jennifer Hayes,stephen73@ortiz-reyes.info,Lake Eddie,2023-03-13
360,Rachel Owens,sscott@pierce.biz,Henryport,2023-02-01
361,Diane Soto,vickianderson@scott-allen.info,Ellistown,2022-03-18
362,Brian Williams,harrisonsydney@fisher-gonzalez.com,New Tinamouth,2023-02-08
363,Jill Keith,dustin34@mendoza-mclaughlin.biz,Lake Kerry,2023-10-13
364,Ashley Davis,kcollins@yahoo.com,Batesfort,2022-05-31
365,Michael Kline,bakertiffany@mercer-horn.biz,Ruizshire,2023-11-06
366,Scott Roberts,kwebb@hotmail.com,East Lauren,2023-03-03
367,Ms. Allison Lewis,itorres@pace.com,East Robert,2021-12-02
368,Timothy Ward,melanie18@munoz.info,Joannaton,2021-09-15
369,Natasha Acosta,baileyandrea@contreras.info,West Terryhaven,2022-05-12
370,Mallory Johnson,cwright@rose.org,Tarashire,2023-06-15
371,Keith Davis,mason58@watkins-pearson.com,West Cindy,2021-06-09
372,Samuel Jones,david89@gmail.com,Fryeberg,2023-05-02
373,Emily Miller,ssawyer@yahoo.com,Jamesbury,2022-11-21
374,Jasmine Flores,fowlershane@mckinney-webb.com,Wallacechester,2022-01-15
375,Donna Deleon,xlee@yahoo.com,New Jeromebury,2023-08-15
376,Mary Lewis,joshua85@simpson-irwin.biz,West Jeremytown,2022-11-22
377,Larry Freeman,sotorodney@casey-willis.biz,Port Tanya,2023-12-03
378,Gary Welch,juan31@gmail.com,Anthonyville,2021-10-12
379,Mrs. Barbara Bennett,xmoore@walker-jones.net,West Monica,2022-02-01
380,Kristin Atkins,ysmall@gmail.com,Port Carrie,2021-01-12
381,David Diaz,marvinhernandez@morales.net,Racheltown,2022-05-14
382,David Ramirez,ijarvis@gmail.com,Randolphland,2023-01-24
383,Barry Hernandez,andrewburnett@yahoo.com,New Miguelburgh,2021-02-04
384,Daniel Everett,dustinjohnson@hotmail.com,Douglasville,2022-12-28
385,Kevin Kirk,ytrujillo@thompson.com,West Blakehaven,2023-04-29
386,Denise Rangel,ialvarado@davis-kidd.com,West Sandra,2021-03-31
387,Andre Black,dmaynard@donaldson.biz,Sanchezmouth,2023-02-15
388,Nicolas Kline,zgomez@hotmail.com,Port Jacqueline,2022-08-28
389,Sierra Henry,wsanchez@gmail.com,New Danielleborough,2023-08-28
390,Mary Rice,sfoley@hotmail.com,West Matthew,2023-10-19
391,Sandra Lynch,kevinthomas@gmail.com,North Susanstad,2022-02-22
392,Linda Hines,rcastro@hotmail.com,North Carla,2021-04-25
393,Joshua Mcpherson,johngarza@best.net,East Yolanda,2022-09-09
394,Lisa Wright,william58@woods-david.com,Kingstad,2023-04-06
395,Richard Rose,olivia11@taylor-burke.com,Huntton,2022-02-17
396,Wendy Figueroa,emorse@haynes.com,Danielville,2022-12-30
397,Barbara Carter,vickiebrock@yahoo.com,Lake Pennyshire,2023-10-18
398,Justin Roberts,donald37@ramos.com,Carolinetown,2023-01-31
399,David Gross,jeffrey75@oneill.net,Jerrymouth,2022-11-07
400,April Li,davilashelly@robinson.com,Floydshire,2022-04-02
401,Donald Flores,hillheidi@forbes.net,Phillipsfurt,2023-07-09
402,Aaron Flores,bwatson@miller-morrison.info,Lake Garrett,2021-07-11
403,George Hansen,amber89@gmail.com,Port Danieltown,2023-01-09
404,Heather Wilson,brittany08@hensley.net,Scottstad,2023-09-05
405,Frank Young,caitlynprince@tran.info,New Ericberg,2023-10-06
406,Andrew Wheeler,tammy79@yahoo.com,New Marymouth,2021-04-06
407,Jermaine Gilbert,waynewyatt@yahoo.com,North Frank,2022-10-25
408,Julie Hayes,pwilliams@yahoo.com,Brandyville,2021-02-06
409,Michele Fischer,christine64@williams.org,South Justin,2021-10-06
410,Danny Gray,timothyhaynes@white.net,Davidside,2021-08-05
411,Mr. Phillip Gonzalez PhD,jamessantiago@hotmail.com,Davidville,2023-05-17
412,Margaret Baker,andrewhart@hotmail.com,Port Edwardfurt,2023-05-23
413,Wanda Simmons,philip71@turner-shah.com,North Ronaldberg,2021-03-03
414,Cynthia Jimenez,kellerkathryn@acosta.org,South Matthewmouth,2022-08-19
415,Christopher Garner,bowmanrobert@stanley-ballard.com,New Tonya,2022-12-30
416,Craig Miles,reesedarlene@medina.com,Joshuabury,2022-02-01
417,Brian Johnson,umora@yahoo.com,Matthewhaven,2022-11-30
418,Veronica Allen,wesleyanderson@green.info,West Jared,2023-11-09
419,Karen Davis,emily15@schmidt.com,New Hunter,2021-06-26
420,Samuel Cannon,anthony59@marshall-romero.com,North Timothyport,2022-01-31
421,Reginald Pearson,millerjose@ramos.com,Port Natalie,2022-03-21
422,Janet Nelson,bryanwalker@hotmail.com,South Lynnbury,2021-03-17
423,Andrea Powell,sarasnyder@yahoo.com,Smithshire,2021-09-22
424,Marcus Hodge,vgonzalez@williams-robbins.com,Robertstad,2022-03-31
425,Kristina Burns,zbates@gmail.com,Parkside,2022-12-19
426,Gregory Morgan,zadams@kelly-moreno.net,West Anna,2023-01-05
427,Taylor Marsh,xsutton@martin.com,Garyland,2023-05-01
428,Michelle Smith,omorales@yahoo.com,Isabelchester,2021-05-24
429,John Ward,gillespiejeremy@hotmail.com,Veronicaland,2023-06-04
430,Samantha Spencer,jamesglenn@gmail.com,Susanbury,2023-12-29
431,Brittney Peters,utaylor@mullins.com,Lake Darlene,2022-01-31
432,Nathan Williams,stevenskrista@guerrero.com,Jennyborough,2023-11-15
433,Breanna Gibbs,jenniferpeterson@gmail.com,Lorifort,2023-08-06
434,Kaitlin Carlson,alyssastewart@carpenter-robertson.com,New James,2023-06-10
435,Nancy Bailey,thomasadrian@yahoo.com,North Jamesmouth,2022-07-23
436,Nicholas Herrera,hatfieldbruce@robinson.org,Heathermouth,2023-11-29
437,Gabrielle Mckenzie,tmacdonald@weaver.com,Rayton,2021-04-19
438,Dr. Ryan Harmon,reyesheidi@yahoo.com,West Elizabethfurt,2023-12-02
439,Christina Caldwell,rwilson@gmail.com,North Michelleville,2023-07-24
440,Alicia Smith,nicole58@reynolds.com,South Kennethville,2022-02-02
441,Daniel Kline,kempbrandon@mcknight.org,South Melinda,2022-09-26
442,Jesus Hall,michael99@vasquez.com,North Bruceton,2023-01-03
443,Derrick Duncan,pjohnson@pruitt.biz,Jordanhaven,2021-08-23
444,David Mitchell,karla58@price-patrick.com,Port Jennifer,2022-10-20
445,Haley Shelton,williamnguyen@smith.biz,East Jill,2023-01-21
446,Carla Haynes,jeffgriffin@yahoo.com,Port Kevin,2022-08-11
447,Sean Mays,david30@avery.com,Richardsonfurt,2023-10-30
448,Christopher Colon,debra29@yahoo.com,Michaelborough,2023-08-12
449,Joshua Moore,patrick65@jackson.biz,North Richard,2022-05-07
450,Mary Jimenez,john95@white.com,New Jesusshire,2023-07-02
451,Cathy Henson,marybaker@gmail.com,South Martin,2021-06-19
452,Cheryl Fisher,breyes@hotmail.com,Steinstad,2023-08-04
453,Philip Davis,christinehuffman@hotmail.com,Rebeccaburgh,2023-03-06
454,Ricky Burke,riveragregory@nguyen.biz,Johnsonbury,2022-09-26
455,James Gutierrez,umacdonald@gmail.com,Port Kathleenville,2021-01-29
456,Kelly Trujillo,sarahfoster@rodriguez-nelson.net,West Shawn,2021-12-05
457,Susan Cortez,ashley39@hotmail.com,South Christinashire,2022-05-15
458,Michelle West,smithmario@gomez-barnes.com,North Johnview,2022-05-26
459,Christopher Beck,connorrivera@gmail.com,East Angela,2021-08-05
460,Denise Villa,myersdavid@gmail.com,South Nancy,2023-12-30
461,Brittany Franklin,seanroth@gmail.com,Turnerburgh,2022-03-21
462,Christopher Hunt,larsonnicole@mejia-lara.com,Port Ericaburgh,2023-05-26
463,Stephanie Garza,robert57@pruitt-browning.com,East Joebury,2021-06-16
464,Eric Craig,christopherwilliams@franklin.com,South Ralphhaven,2021-04-01
465,Dillon Jimenez,ianobrien@solis.com,Scottstad,2022-12-15
466,Robert Mckay,carrie18@yahoo.com,Boydland,2021-02-08
467,Rachael Dawson,wheelerjeff@yahoo.com,Simonfort,2021-06-22
468,Lisa Harris,margaret98@cox.com,Howellville,2022-10-15
469,Marisa Garcia,orobinson@hotmail.com,Port Albertport,2023-01-24
470,Amber Smith,jeffery01@hotmail.com,Michaelstad,2023-12-18
471,Joshua Brown,sergio17@torres-pierce.com,Birdchester,2022-04-21
472,Eric Davis,sarah38@curtis-walters.org,Meghanview,2022-04-01
473,Joanna Wright,qrodriguez@hotmail.com,Port Jenna,2023-04-09
474,Vickie Delgado,karentaylor@hotmail.com,East Gabriel,2023-06-14
475,David Mclaughlin,ngrimes@davis-quinn.net,New Amanda,2023-10-22
476,Tyler Graham,grahamdiane@hotmail.com,Theodorechester,2022-01-22
477,Jonathan Jones,maryrodriguez@morales.com,Carterburgh,2021-12-14
478,Christopher Newman,wmoore@gmail.com,South Catherine,2021-07-09
479,Timothy Patel,ujones@gmail.com,Port Nathanielton,2022-05-20
480,Rebecca Wallace,pdawson@gmail.com,West Monicaborough,2023-04-04
481,Russell Bell,matthew57@yahoo.com,West Julie,2023-07-18
482,William Blanchard,brianhunt@hotmail.com,Chapmanmouth,2023-07-23
483,Mark Mclean,haynessharon@cruz.com,Port Chelsey,2021-05-14
484,Marcus Perkins,paynestephanie@hotmail.com,Port Sarahfort,2021-02-27
485,Jill Perez,burgessjessica@yahoo.com,South Susan,2022-11-16
486,Lauren Stephens,angelabrown@gmail.com,Lake Juantown,2022-11-03
487,Trevor Yang,harrisonlauren@thomas.com,Keithbury,2021-06-22
488,Robert Hampton,townsendtroy@case.org,Schmidtfurt,2023-03-26
489,Chase Morgan,matthewstephens@yahoo.com,West Frank,2021-03-21
490,Alyssa Collier,johnramos@rodriguez-jones.com,South Brianmouth,2023-06-05
491,Randy Grimes III,hfrye@thompson-parker.com,Aliciahaven,2021-07-22
492,Kirsten Dunn MD,joseph59@white-horne.com,New Christophermouth,2023-02-03
493,Shawn Marshall,jessicasmith@young.com,West Sarahchester,2021-02-16
494,Pamela Douglas,kellyfigueroa@malone-sanchez.com,North Coryville,2022-10-18
495,Dana Donovan,crystal12@hotmail.com,Annaton,2022-04-16
496,Nicole Evans,ujimenez@davis-baker.com,Hernandezberg,2023-08-29
497,Kristen Black,noahjames@gmail.com,Rodriguezmouth,2023-11-02
498,Madison Barry,kristenedwards@gmail.com,Shirleyfurt,2023-01-06
499,Randy Stein,pateljessica@hamilton.org,Austinmouth,2023-02-23
500,Cristina Carter,ewilson@robinson.com,Castilloton,2023-08-26
